first,last,country
Finn,Ramirez,Philippines
Ava,Mitchell,Ireland
Chen,Garcia,Uganda
Mariam,Thompson,Ukraine
Akira,Thomas,Algeria
Liam,Johnson,Colombia
Harper,Rodriguez,Saudi Arabia
Sophia,Hill,United States
Isabella,Carter,Denmark
Mateo,Lopez,Guatemala
Mariam,Green,Philippines
Carlos,Jackson,Portugal
Hannah,Scott,Vietnam
Aisha,Lee,Nigeria
Mila,Lee,Qatar
Ella,Gonzalez,New Zealand
William,Carter,Kuwait
Luka,Taylor,Australia
Aria,Thomas,United States
Mariam,Lopez,Kuwait
Aisha,Jones,Japan
Mateo,Moore,Sudan
Charlotte,Wilson,Finland
Mateo,Lewis,South Africa
Amelia,Scott,Denmark
Liam,Mitchell,Poland
Emma,Gonzalez,Philippines
Sophia,King,Philippines
James,Brown,Chile
Leon,Nelson,Ireland
Amelia,Carter,Sweden
Olivia,Ramirez,Uganda
Finn,Nguyen,Argentina
Henry,Wilson,Singapore
Leo,White,Guatemala
Amelia,Hill,Denmark
Noah,Torres,Finland
Omar,Rodriguez,Uganda
Emma,Campbell,Saudi Arabia
Emma,Johnson,Egypt
Evelyn,Green,Tanzania
Alejandro,Martinez,Guatemala
Aria,Carter,Nigeria
Ryu,Martin,Oman
Ella,Allen,Sweden
Nadia,Smith,Italy
Chen,Robinson,Morocco
Fatima,Mitchell,Ukraine
Nadia,Davis,Norway
Emma,Adams,Cuba
Mason,Johnson,Algeria
Isla,Martin,Norway
Nina,Martinez,Venezuela
Evelyn,Brown,Saudi Arabia
Aurora,Rivera,Finland
Isabella,Hill,Argentina
Amelia,Hall,Uganda
Akira,Sanchez,United States
Ryu,Williams,Mexico
Lily,Nguyen,Argentina
Benjamin,Nguyen,Cuba
Yasmin,Gonzalez,Poland
Ella,Wilson,Kenya
Elijah,Nelson,Vietnam
Luka,Jackson,Uganda
Fatima,Nelson,Austria
Amelia,Jackson,United Kingdom
Lucas,Moore,Malaysia
Ava,Walker,Kenya
Elijah,Walker,Uganda
Sofia,Smith,Canada
Isla,Thomas,Poland
Sophia,Nelson,Belgium
James,Anderson,Tanzania
Alexander,Lopez,Colombia
Hannah,Hernandez,Sweden
Alejandro,Davis,Colombia
Hannah,Thompson,Mexico
Elijah,Ramirez,Denmark
Alexander,Adams,India
Hannah,Johnson,Philippines
Charlotte,Nelson,Tanzania
Sophia,Rivera,Sweden
Carlos,Moore,Canada
Aisha,Hernandez,Chile
Alexander,Young,Sweden
Noah,Clark,China
Zoe,Sanchez,Malaysia
Alexander,Martinez,South Africa
Santiago,White,Singapore
Omar,Lee,Vietnam
Ava,Moore,Finland
Carlos,Garcia,Venezuela
Yasmin,Thompson,Ukraine
Jasmine,Taylor,Ecuador
Mila,Wright,Australia
Lily,Moore,France
Anya,Walker,Switzerland
Sophia,Williams,Ukraine
Leo,Wright,Indonesia
Noah,Martin,Venezuela
William,Roberts,Austria
Alexander,Rodriguez,Argentina
Evelyn,Allen,United States
Nina,White,Chile
Noah,Moore,Finland
James,Wright,Ireland
Mohammed,Hill,Indonesia
Raj,Martinez,Malaysia
Henry,Walker,United Kingdom
Dimitri,Sanchez,Canada
Mason,Baker,Switzerland
Amelia,Smith,Nigeria
Dimitri,Hernandez,Germany
Ivan,Roberts,Algeria
Carlos,Thomas,Singapore
Ava,Lewis,Cuba
Chen,Allen,Ghana
Luna,Young,Ukraine
Oliver,Miller,Cuba
Mila,Lewis,Bahrain
Sophia,Torres,Sudan
Aisha,Williams,Italy
Luna,Clark,Brazil
Finn,Wright,Sweden
Carlos,King,Poland
Mason,Smith,Venezuela
Mila,Green,India
William,Smith,Italy
Finn,Harris,Algeria
Ava,Hill,Qatar
Mia,Baker,India
Ava,White,Argentina
Luna,Sanchez,Algeria
Santiago,Thompson,Italy
Ivan,Flores,Malaysia
Yasmin,Jackson,Peru
Mason,Jackson,Pakistan
Mariam,Hall,Vietnam
Olivia,Brown,Uganda
Aria,Roberts,Pakistan
Ryu,Lee,Algeria
William,Walker,United Arab Emirates
Henry,Williams,Uganda
Yue,Jones,Singapore
Chen,Jones,Egypt
Mila,King,Portugal
Amelia,Flores,France
Nadia,Brown,Brazil
Kai,Gonzalez,Austria
Akira,Martinez,France
Luka,Torres,Algeria
Mohammed,Green,Denmark
Nadia,White,Germany
Ryu,Davis,Kenya
Yasmin,Lopez,Poland
James,Taylor,Tanzania
Dimitri,Jackson,China
William,Thompson,Finland
Raj,Carter,Russia
Mohammed,Perez,Denmark
Isabella,Lewis,United Kingdom
Mila,Garcia,Tanzania
Henry,Scott,Philippines
Isla,Robinson,Denmark
Evelyn,Johnson,United Arab Emirates
Yue,Thomas,Oman
Liam,Rodriguez,Canada
Yasmin,Jones,Philippines
Dimitri,Garcia,Denmark
Alejandro,Mitchell,Tanzania
Aria,Brown,Portugal
Hannah,Martinez,Switzerland
Fatima,Walker,Peru
Noah,Hernandez,France
Alexander,White,Oman
Dimitri,Young,Switzerland
Olivia,Martin,Netherlands
Ivan,Perez,Argentina
Hannah,Green,Sweden
Mateo,Campbell,Germany
Ryu,Scott,Saudi Arabia
Isabella,Miller,Poland
Emma,Davis,Ghana
Nina,King,Malaysia
Tara,Nelson,Colombia
Carlos,Lewis,Venezuela
Fatima,King,United Kingdom
Hannah,Lewis,Chile
Ella,Johnson,Thailand
Dimitri,Wright,Russia
Olivia,Williams,Sweden
Mariam,Hernandez,India
Santiago,Davis,Venezuela
Benjamin,Smith,Singapore
Evelyn,Clark,Sweden
Raj,Gonzalez,Ukraine
Lily,Lee,Norway
Isabella,King,Kenya
Aisha,Carter,Tanzania
Santiago,Rivera,Australia
Olivia,Wilson,Sudan
William,Rodriguez,Vietnam
Ryu,Green,Kenya
Leo,Nelson,Sudan
Elijah,Johnson,Poland
Emma,Smith,Ghana
Harper,Hernandez,Netherlands
Henry,Martin,Canada
Olivia,Sanchez,Denmark
Noah,Nelson,Sweden
Mateo,Green,Saudi Arabia
Zoe,Thomas,Ireland
Alexander,Nelson,Pakistan
Yue,Harris,Bangladesh
Mila,Harris,Netherlands
Sophia,Davis,Indonesia
Jasmine,Allen,Singapore
Omar,Roberts,Peru
Alejandro,Young,Vietnam
Leon,Martinez,China
Kai,Baker,South Africa
Anya,Harris,South Africa
Mariam,Perez,Italy
Isabella,Adams,Finland
Alejandro,King,Cuba
Elijah,Young,Chile
Luka,Davis,France
Henry,Johnson,Bahrain
Akira,Young,Pakistan
Fatima,Scott,New Zealand
Leon,Baker,Argentina
Olivia,Wright,Germany
Aurora,Nelson,Guatemala
Santiago,Carter,Guatemala
Kai,Thomas,India
Harper,Smith,Peru
Lily,White,Kuwait
Leon,Perez,Argentina
William,Allen,India
Amelia,Taylor,Austria
Dimitri,Martinez,Pakistan
Charlotte,Taylor,Pakistan
Kai,Lee,Peru
Sofia,Davis,Belgium
Olivia,Jackson,Japan
Fatima,Torres,United States
Nina,Scott,Ukraine
Sophia,Martinez,United States
Evelyn,Hernandez,Ukraine
James,Rivera,Sweden
Leo,Rivera,China
Dimitri,Roberts,Ukraine
Leon,Torres,Saudi Arabia
Fatima,Thomas,Germany
Luca,Nguyen,Austria
Noah,Davis,Kenya
Mason,Allen,Cuba
Yasmin,Scott,China
Jasmine,Scott,Japan
Alejandro,Taylor,Colombia
Isabella,Scott,Bangladesh
Mila,Campbell,Japan
Henry,Young,South Korea
Akira,Davis,Ireland
Emma,Baker,Thailand
Leo,Nguyen,Malaysia
Chen,King,Netherlands
Charlotte,White,United Arab Emirates
Lucas,Martin,Pakistan
Lily,Baker,Morocco
Sofia,Perez,Nigeria
Akira,Jackson,Oman
Alexander,Nguyen,Chile
Mia,Green,India
Zoe,Wright,Norway
Noah,Jackson,Bangladesh
Aisha,Hill,Venezuela
Raj,Davis,Belgium
Sofia,Thomas,Spain
Evelyn,Sanchez,Qatar
Sophia,Thompson,Spain
Sofia,Green,Canada
Leon,Jackson,Australia
Chen,Nguyen,Morocco
Fatima,Martin,Ukraine
Lucas,Young,Kenya
Mohammed,Wilson,Uganda
Sofia,Thompson,China
Mason,Brown,Brazil
Nina,Flores,Cuba
Nina,Nelson,Bangladesh
Amelia,Gonzalez,Ecuador
Carlos,Nguyen,Sudan
Ella,Rodriguez,Portugal
Mia,Thompson,United States
Akira,Lewis,Bahrain
Olivia,Rivera,France
Harper,Flores,Guatemala
Zoe,Rodriguez,Denmark
